{
  "kb\\boot-virtualization-overview.md": 1776297675.236719,
  "kb\\critical-thinking-guide.md": 1776297675.2402651,
  "kb\\io-driver-overview.md": 1776297675.2523558,
  "kb\\kernel-primitives-overview.md": 1776297675.2564435,
  "kb\\process-thread-overview.md": 1776297675.2584348,
  "kb\\README.md": 1776297675.2337105,
  "kb\\windows-debugging.md": 1776297675.2614436,
  "kb\\windows-ebpf-overview.md": 1776297675.2635243,
  "kb\\windows-ebpf.md": 1776297675.264525,
  "kb\\windows-internals.md": 1776297675.2670364,
  "kb\\Advanced-Windows-Debugging-and-System-Reversing-A-Comprehensive-Guide-for-Kernel.md": 1776608183.580223,
  "kb\\WinDbg-Complete-Technical-Reference-StudyNotes.md": 1776608183.604223,
  "kb\\WinDbg-Complete-Technical-Reference.md": 1776608183.626073,
  "kb\\Windows-Debugging-and-EDR-Internals-Technical-Reference.md": 1776608183.6490705,
  "kb\\Windows-Kernel-Internals-Reference.md": 1776608183.6825473,
  "kb\\Windows-Kernel-Internals-StudyNotes.md": 1776608183.705546,
  "kb\\minifilter-driver-reference.md": 1776694383.0287871
}